LEDGER_081,就業台帳項目80,就業台帳項目80_EN,0,0,5,0,0,0,0,0,0
LEDGER_082,就業台帳項目81,就業台帳項目81_EN,0,0,5,0,0,0,0,0,0
LEDGER_083,就業台帳項目82,就業台帳項目82_EN,0,0,5,0,0,0,0,0,0
LEDGER_084,就業台帳項目83,就業台帳項目83_EN,0,0,5,0,0,0,0,0,0
LEDGER_085,就業台帳項目84,就業台帳項目84_EN,0,0,5,0,0,0,0,0,0
LEDGER_086,就業台帳項目85,就業台帳項目85_EN,0,0,5,0,0,0,0,0,0
LEDGER_087,就業台帳項目86,就業台帳項目86_EN,0,0,5,0,0,0,0,0,0
LEDGER_088,就業台帳項目87,就業台帳項目87_EN,0,0,5,0,0,0,0,0,0
LEDGER_089,就業台帳項目88,就業台帳項目88_EN,0,0,5,0,0,0,0,0,0
LEDGER_090,就業台帳項目89,就業台帳項目89_EN,0,0,5,0,0,0,0,0,0
LEDGER_091,就業台帳項目90,就業台帳項目90_EN,0,0,5,0,0,0,0,0,0
LEDGER_092,就業台帳項目91,就業台帳項目91_EN,0,0,5,0,0,0,0,0,0
LEDGER_093,就業台帳項目92,就業台帳項目92_EN,0,0,5,0,0,0,0,0,0
LEDGER_094,就業台帳項目93,就業台帳項目93_EN,0,0,5,0,0,0,0,0,0
LEDGER_095,就業台帳項目94,就業台帳項目94_EN,0,0,5,0,0,0,0,0,0
LEDGER_096,就業台帳項目95,就業台帳項目95_EN,0,0,5,0,0,0,0,0,0
LEDGER_097,就業台帳項目96,就業台帳項目96_EN,0,0,5,0,0,0,0,0,0
LEDGER_098,就業台帳項目97,就業台帳項目97_EN,0,0,5,0,0,0,0,0,0
LEDGER_099,就業台帳項目98,就業台帳項目98_EN,0,0,5,0,0,0,0,0,0
LEDGER_100,就業台帳項目99,就業台帳項目99_EN,0,0,5,0,0,0,0,0,0
LEDGER_101,就業台帳項目100,就業台帳項目100_EN,0,0,5,0,0,0,0,0,0
LEDGER_102,就業台帳項目101,就業台帳項目101_EN,0,0,5,0,0,0,0,0,0
LEDGER_103,就業台帳項目102,就業台帳項目102_EN,0,0,5,0,0,0,0,0,0
LEDGER_104,就業台帳項目103,就業台帳項目103_EN,0,0,5,0,0,0,0,0,0
LEDGER_105,就業台帳項目104,就業台帳項目104_EN,0,0,5,0,0,0,0,0,0
LEDGER_106,就業台帳項目105,就業台帳項目105_EN,0,0,5,0,0,0,0,0,0
LEDGER_107,就業台帳項目106,就業台帳項目106_EN,0,0,5,0,0,0,0,0,0
LEDGER_108,就業台帳項目107,就業台帳項目107_EN,0,0,5,0,0,0,0,0,0
LEDGER_109,就業台帳項目108,就業台帳項目108_EN,0,0,5,0,0,0,0,0,0
LEDGER_110,就業台帳項目109,就業台帳項目109_EN,0,0,5,0,0,0,0,0,0
LEDGER_111,就業台帳項目110,就業台帳項目110_EN,0,0,5,0,0,0,0,0,0
LEDGER_112,就業台帳項目111,就業台帳項目111_EN,0,0,5,0,0,0,0,0,0
LEDGER_113,就業台帳項目112,就業台帳項目112_EN,0,0,5,0,0,0,0,0,0
LEDGER_114,就業台帳項目113,就業台帳項目113_EN,0,0,5,0,0,0,0,0,0
LEDGER_115,就業台帳項目114,就業台帳項目114_EN,0,0,5,0,0,0,0,0,0
LEDGER_116,就業台帳項目115,就業台帳項目115_EN,0,0,5,0,0,0,0,0,0
LEDGER_117,就業台帳項目116,就業台帳項目116_EN,0,0,5,0,0,0,0,0,0
LEDGER_118,就業台帳項目117,就業台帳項目117_EN,0,0,5,0,0,0,0,0,0
LEDGER_119,就業台帳項目118,就業台帳項目118_EN,0,0,5,0,0,0,0,0,0
LEDGER_120,就業台帳項目119,就業台帳項目119_EN,0,0,5,0,0,0,0,0,0
LEDGER_121,就業台帳項目120,就業台帳項目120_EN,0,0,5,0,0,0,0,0,0
LEDGER_122,就業台帳項目121,就業台帳項目121_EN,0,0,5,0,0,0,0,0,0
LEDGER_123,就業台帳項目122,就業台帳項目122_EN,0,0,5,0,0,0,0,0,0
LEDGER_124,就業台帳項目123,就業台帳項目123_EN,0,0,5,0,0,0,0,0,0
LEDGER_125,就業台帳項目124,就業台帳項目124_EN,0,0,5,0,0,0,0,0,0
LEDGER_126,就業台帳項目125,就業台帳項目125_EN,0,0,5,0,0,0,0,0,0
LEDGER_127,就業台帳項目126,就業台帳項目126_EN,0,0,5,0,0,0,0,0,0
LEDGER_128,就業台帳項目127,就業台帳項目127_EN,0,0,5,0,0,0,0,0,0
LEDGER_129,就業台帳項目128,就業台帳項目128_EN,0,0,5,0,0,0,0,0,0
LEDGER_130,就業台帳項目129,就業台帳項目129_EN,0,0,5,0,0,0,0,0,0
LEDGER_131,就業台帳項目130,就業台帳項目130_EN,0,0,5,0,0,0,0,0,0
LEDGER_132,就業台帳項目131,就業台帳項目131_EN,0,0,5,0,0,0,0,0,0
LEDGER_133,就業台帳項目132,就業台帳項目132_EN,0,0,5,0,0,0,0,0,0
LEDGER_134,就業台帳項目133,就業台帳項目133_EN,0,0,5,0,0,0,0,0,0
LEDGER_135,就業台帳項目134,就業台帳項目134_EN,0,0,5,0,0,0,0,0,0
LEDGER_136,就業台帳項目135,就業台帳項目135_EN,0,0,5,0,0,0,0,0,0
LEDGER_137,就業台帳項目136,就業台帳項目136_EN,0,0,5,0,0,0,0,0,0
LEDGER_138,就業台帳項目137,就業台帳項目137_EN,0,0,5,0,0,0,0,0,0
LEDGER_139,就業台帳項目138,就業台帳項目138_EN,0,0,5,0,0,0,0,0,0
LEDGER_140,就業台帳項目139,就業台帳項目139_EN,0,0,5,0,0,0,0,0,0
LEDGER_141,就業台帳項目140,就業台帳項目140_EN,0,0,5,0,0,0,0,0,0
LEDGER_142,就業台帳項目141,就業台帳項目141_EN,0,0,5,0,0,0,0,0,0
LEDGER_143,就業台帳項目142,就業台帳項目142_EN,0,0,5,0,0,0,0,0,0
LEDGER_144,就業台帳項目143,就業台帳項目143_EN,0,0,5,0,0,0,0,0,0
LEDGER_145,就業台帳項目144,就業台帳項目144_EN,0,0,5,0,0,0,0,0,0
LEDGER_146,就業台帳項目145,就業台帳項目145_EN,0,0,5,0,0,0,0,0,0
LEDGER_147,就業台帳項目146,就業台帳項目146_EN,0,0,5,0,0,0,0,0,0
LEDGER_148,就業台帳項目147,就業台帳項目147_EN,0,0,5,0,0,0,0,0,0
LEDGER_149,就業台帳項目148,就業台帳項目148_EN,0,0,5,0,0,0,0,0,0
LEDGER_150,就業台帳項目149,就業台帳項目149_EN,0,0,5,0,0,0,0,0,0
LEDGER_151,就業台帳項目150,就業台帳項目150_EN,0,0,5,0,0,0,0,0,0
LEDGER_152,就業台帳項目151,就業台帳項目151_EN,0,0,5,0,0,0,0,0,0
LEDGER_153,就業台帳項目152,就業台帳項目152_EN,0,0,5,0,0,0,0,0,0
LEDGER_154,就業台帳項目153,就業台帳項目153_EN,0,0,5,0,0,0,0,0,0
LEDGER_155,就業台帳項目154,就業台帳項目154_EN,0,0,5,0,0,0,0,0,0
LEDGER_156,就業台帳項目155,就業台帳項目155_EN,0,0,5,0,0,0,0,0,0
LEDGER_157,就業台帳項目156,就業台帳項目156_EN,0,0,5,0,0,0,0,0,0
LEDGER_158,就業台帳項目157,就業台帳項目157_EN,0,0,5,0,0,0,0,0,0
LEDGER_159,就業台帳項目158,就業台帳項目158_EN,0,0,5,0,0,0,0,0,0
LEDGER_160,就業台帳項目159,就業台帳項目159_EN,0,0,5,0,0,0,0,0,0
TIMEOUT_01,時間外時間帯00,時間外時間帯00_EN,0,1001,6,0,0,0,0,0,0
TIMEOUT_02,時間外時間帯01,時間外時間帯01_EN,0,1002,6,0,0,0,0,0,0
TIMEOUT_03,時間外時間帯02,時間外時間帯02_EN,0,1003,6,0,0,0,0,0,0
TIMEOUT_04,時間外時間帯03,時間外時間帯03_EN,0,1004,6,0,0,0,0,0,0
TIMEOUT_05,時間外時間帯04,時間外時間帯04_EN,0,1005,6,0,0,0,0,0,0
IDS_000543,残,残_EN,0,0,0,0,0,0,0,0,0
IDS_000546,年休取得,年休取得_EN,0,0,0,0,0,0,0,0,0
IDS_000547,年休残,年休残_EN,0,0,0,0,0,0,0,0,0
IDS_000551,事由,事由_EN,0,0,0,0,0,0,0,0,0
IDS_000552,単位,単位_EN,0,0,0,0,0,0,0,0,0
IDS_000553,名称,名称_EN,0,0,0,0,0,0,0,0,0
IDS_000554,予定・実績,予定・実績_EN,0,0,0,0,0,0,0,0,0
IDS_000555,予定,予定_EN,0,0,0,0,0,0,0,0,0
IDS_000556,実績,実績_EN,0,0,0,0,0,0,0,0,0
IDS_000557,休暇台帳確認,休暇台帳確認_EN,1,0,0,0,0,0,0,0,0
IDS_000558,予定申請内容,予定申請内容_EN,1,0,0,0,0,0,0,0,0
IDS_000559,実績申請内容,実績申請内容_EN,1,0,0,0,0,0,0,0,0
IDS_000560,早出開始,早出開始_EN,0,0,0,0,0,0,0,0,0
IDS_000561,残業終了,残業終了_EN,0,0,0,0,0,0,0,0,0
IDS_000562,早出２開始,早出２開始_EN,0,0,0,0,0,0,0,0,0
IDS_000563,残業２終了,残業２終了_EN,0,0,0,0,0,0,0,0,0
IDS_000565,日,日_EN,0,0,0,0,0,0,0,0,0
IDS_000566,時間,時間_EN,0,0,0,0,0,0,0,0,0
IDS_000567,年休取得可能時間,年休取得可能時間_EN,0,0,0,0,0,0,0,0,0
ADDDATA_01,追加データ00,追加データ00_EN,0,1101,3,0,0,0,0,0,0
ADDDATA_02,追加データ01,追加データ01_EN,0,1102,3,0,0,0,0,0,0
ADDDATA_03,追加データ02,追加データ02_EN,0,1103,3,0,0,0,0,0,0
ADDDATA_04,追加データ03,追加データ03_EN,0,1104,3,0,0,0,0,0,0
ADDDATA_05,追加データ04,追加データ04_EN,0,1105,3,0,0,0,0,0,0
ADDDATA_06,追加データ05,追加データ05_EN,0,1106,3,0,0,0,0,0,0
DADILY_009,出勤２打刻ﾌﾗｸﾞ,出２_EN,0,81,1,0,0,0,0,0,0
DADILY_010,退勤２打刻ﾌﾗｸﾞ,退２_EN,0,86,1,0,0,0,0,0,0
DADILY_011,出勤２打刻,出２打刻_EN,0,83,1,0,0,0,0,0,0
DADILY_012,出勤２MC,出２MC_EN,0,84,1,0,0,0,0,0,0
DADILY_013,出勤２事由ｺｰﾄﾞ,出２事由ｺｰﾄﾞ_EN,0,85,1,0,0,0,0,0,0
DADILY_014,退２打刻,退２打刻_EN,0,86,1,0,0,0,0,0,0
DADILY_017,勤務区分（略称）,勤務_EN,0,89,1,0,0,0,0,0,0
DADILY_020,▲出勤２打刻ﾌﾗｸﾞ,▲出２_EN,0,202,1,0,0,0,0,0,0
DADILY_021,▲退勤２打刻ﾌﾗｸﾞ,▲退２_EN,0,206,1,0,0,0,0,0,0
DADILY_022,▲出勤２打刻,▲出２打刻_EN,0,203,1,0,0,0,0,0,0
DADILY_023,▲出勤２MC,▲出２MC_EN,0,204,1,0,0,0,0,0,0
DADILY_024,▲出勤２事由ｺｰﾄﾞ,▲出２事由_EN,0,205,1,0,0,0,0,0,0
DADILY_025,▲退勤２打刻,▲退２打刻_EN,0,207,1,0,0,0,0,0,0
DADILY_026,▲退勤２MC,▲退２MC_EN,0,208,1,0,0,0,0,0,0
DADILY_027,▲退勤２事由ｺｰﾄﾞ,▲退２事由_EN,0,209,1,0,0,0,0,0,0
DADILY_036,処理日,処理日_EN,0,2,1,0,0,0,0,0,0
DADILY_037,曜,曜_EN,0,2,1,0,0,0,0,0,0
DADILY_045,外３打刻,外３打刻_EN,0,65,1,0,0,0,0,0,0
DADILY_049,戻３打刻,戻３打刻_EN,0,70,1,0,0,0,0,0,0
DADILY_050,▲出勤打刻ﾌﾗｸﾞ,▲出_EN,0,107,1,0,0,0,0,0,0
DADILY_051,▲出勤打刻,▲出勤打刻_EN,0,108,1,0,0,0,0,0,0
DADILY_052,▲出勤MC,▲出MC_EN,0,109,1,0,0,0,0,0,0
DADILY_053,▲出勤事由,▲出事由_EN,0,110,1,0,0,0,0,0,0
DADILY_054,▲退勤打刻ﾌﾗｸﾞ,▲退_EN,0,111,1,0,0,0,0,0,0
DADILY_055,▲退勤打刻,▲退勤打刻_EN,0,112,1,0,0,0,0,0,0
DADILY_056,▲退勤MC,▲退MC_EN,0,113,1,0,0,0,0,0,0
DADILY_057,▲退勤事由,▲退事由_EN,0,114,1,0,0,0,0,0,0
DADILY_058,▲外出打刻ﾌﾗｸﾞ,▲外_EN,0,115,1,0,0,0,0,0,0
DADILY_059,▲外出打刻,▲外出打刻_EN,0,116,1,0,0,0,0,0,0
DADILY_060,▲外出MC,▲外出MC_EN,0,117,1,0,0,0,0,0,0
DADILY_061,▲外出事由,▲外事由_EN,0,118,1,0,0,0,0,0,0
DADILY_062,▲戻り打刻ﾌﾗｸﾞ,▲戻_EN,0,119,1,0,0,0,0,0,0
DADILY_063,▲戻り打刻,▲戻り打刻_EN,0,120,1,0,0,0,0,0,0
DADILY_064,▲外２打刻ﾌﾗｸﾞ,▲外２_EN,0,121,1,0,0,0,0,0,0
DADILY_065,▲外２打刻,▲外２打刻_EN,0,122,1,0,0,0,0,0,0
DADILY_066,▲外２MC,▲外２MC_EN,0,123,1,0,0,0,0,0,0
DADILY_067,▲外２事由,▲外２事由_EN,0,124,1,0,0,0,0,0,0
DADILY_068,▲戻２打刻ﾌﾗｸﾞ,▲戻２_EN,0,125,1,0,0,0,0,0,0
DADILY_069,▲戻２打刻,▲戻２打刻_EN,0,126,1,0,0,0,0,0,0
DADILY_070,▲外３打刻ﾌﾗｸﾞ,▲外３_EN,0,127,1,0,0,0,0,0,0
DADILY_071,▲外３打刻,▲外３打刻_EN,0,128,1,0,0,0,0,0,0
DADILY_072,▲外３MC,▲外３MC_EN,0,129,1,0,0,0,0,0,0
DADILY_073,▲外３事由,▲外３事由_EN,0,130,1,0,0,0,0,0,0
DADILY_074,▲戻３打刻ﾌﾗｸﾞ,▲戻３_EN,0,131,1,0,0,0,0,0,0
DADILY_075,▲戻３打刻,▲戻３打刻_EN,0,132,1,0,0,0,0,0,0
DADILY_090,外出ﾌﾗｸﾞ１,外出_EN,0,455,1,0,0,0,0,0,0
DADILY_091,外出ﾌﾗｸﾞ２,外出２_EN,0,456,1,0,0,0,0,0,0
DADILY_092,外出ﾌﾗｸﾞ３,外出３_EN,0,456,1,0,0,0,0,0,0
DADILY_093,遅刻ﾌﾗｸﾞ１,遅刻_EN,0,453,1,0,0,0,0,0,0
DADILY_094,遅刻ﾌﾗｸﾞ２,遅刻２_EN,0,457,1,0,0,0,0,0,0
DADILY_095,早退ﾌﾗｸﾞ１,早退_EN,0,454,1,0,0,0,0,0,0
DADILY_096,早退ﾌﾗｸﾞ２,早退２_EN,0,458,1,0,0,0,0,0,0
DADILY_097,ﾒｯｾｰｼﾞ項目１,ﾒｯｾｰｼﾞ項目１_EN,0,450,1,0,0,0,0,0,0
DADILY_098,ﾒｯｾｰｼﾞ項目２,ﾒｯｾｰｼﾞ項目２_EN,0,451,1,0,0,0,0,0,0
DADILY_099,ﾒｯｾｰｼﾞ項目３,ﾒｯｾｰｼﾞ項目３_EN,0,452,1,0,0,0,0,0,0
DADILY_101,簡易承認段階：未承認,未承認_EN,0,440,1,0,0,0,0,0,0
DADILY_102,総所属ｺｰﾄﾞ,所属_EN,0,2,1,0,0,0,0,0,0
DADILY_103,所属名,所属_EN,0,3,1,0,0,0,0,0,0
DADILY_104,役職ｺｰﾄﾞ,役職_EN,0,4,1,0,0,0,0,0,0
DADILY_105,役職名称,役職_EN,0,5,1,0,0,0,0,0,0
DADILY_106,集計区分ｺｰﾄﾞ,集計区分_EN,0,6,1,0,0,0,0,0,0
DADILY_107,集計名称,集計名称_EN,0,7,1,0,0,0,0,0,0
DADILY_108,演算区分１ｺｰﾄﾞ,演算区分１_EN,0,8,1,0,0,0,0,0,0
DADILY_109,演算区分１名称,演算区分１_EN,0,9,1,0,0,0,0,0,0
DADILY_110,演算区分２ｺｰﾄﾞ,演算区分２_EN,0,10,1,0,0,0,0,0,0
DADILY_111,演算区分２名称,演算区分２_EN,0,11,1,0,0,0,0,0,0
DADILY_112,ｶﾚﾝﾀﾞ,ｶﾚﾝﾀﾞ_EN,0,12,1,0,0,0,0,0,0
DADILY_113,不在理由,不在_EN,0,13,1,0,0,0,0,0,0
DADILY_114,事由（不在理由）,事由_EN,0,14,1,0,0,0,0,0,0
DADILY_115,勤務区分,勤務区分_EN,0,15,1,0,0,0,0,0,0
DADILY_116,定時開始時刻ﾌﾗｸﾞ,開始_EN,0,16,1,0,0,0,0,0,0
DADILY_117,定時終了時刻ﾌﾗｸﾞ,終了_EN,0,18,1,0,0,0,0,0,0
DADILY_118,定時開始時刻,定時開始_EN,0,17,1,0,0,0,0,0,0
DADILY_119,定時終了時刻,定時終了_EN,0,19,1,0,0,0,0,0,0
DADILY_120,休１開始時刻ﾌﾗｸﾞ,休１_EN,0,20,1,0,0,0,0,0,0
DADILY_121,休２開始時刻ﾌﾗｸﾞ,休２_EN,0,24,1,0,0,0,0,0,0
DADILY_122,休３開始時刻ﾌﾗｸﾞ,休３_EN,0,28,1,0,0,0,0,0,0
DADILY_123,休４開始時刻ﾌﾗｸﾞ,休４_EN,0,32,1,0,0,0,0,0,0
DADILY_124,休５開始時刻ﾌﾗｸﾞ,休５_EN,0,36,1,0,0,0,0,0,0
DADILY_125,休６開始時刻ﾌﾗｸﾞ,休６_EN,0,40,1,0,0,0,0,0,0
DADILY_126,休１終了時刻ﾌﾗｸﾞ,休１_EN,0,22,1,0,0,0,0,0,0
DADILY_127,休２終了時刻ﾌﾗｸﾞ,休２_EN,0,26,1,0,0,0,0,0,0
DADILY_128,休３終了時刻ﾌﾗｸﾞ,休３_EN,0,30,1,0,0,0,0,0,0
DADILY_129,休４終了時刻ﾌﾗｸﾞ,休４_EN,0,34,1,0,0,0,0,0,0
DADILY_130,休５終了時刻ﾌﾗｸﾞ,休５_EN,0,38,1,0,0,0,0,0,0
DADILY_131,休６終了時刻ﾌﾗｸﾞ,休６_EN,0,42,1,0,0,0,0,0,0
DADILY_132,休１開始時刻,休１開始_EN,0,21,1,0,0,0,0,0,0
DADILY_133,休２開始時刻,休２開始_EN,0,25,1,0,0,0,0,0,0
DADILY_134,休３開始時刻,休３開始_EN,0,29,1,0,0,0,0,0,0
DADILY_135,休４開始時刻,休４開始_EN,0,33,1,0,0,0,0,0,0
DADILY_136,休５開始時刻,休５開始_EN,0,37,1,0,0,0,0,0,0
DADILY_137,休６開始時刻,休６開始_EN,0,41,1,0,0,0,0,0,0
DADILY_138,休１終了時刻,休１終了_EN,0,23,1,0,0,0,0,0,0
DADILY_139,休２終了時刻,休２終了_EN,0,27,1,0,0,0,0,0,0
DADILY_140,休３終了時刻,休３終了_EN,0,31,1,0,0,0,0,0,0
DADILY_141,休４終了時刻,休４終了_EN,0,35,1,0,0,0,0,0,0
DADILY_142,休５終了時刻,休５終了_EN,0,39,1,0,0,0,0,0,0
DADILY_143,休６終了時刻,休６終了_EN,0,43,1,0,0,0,0,0,0
DADILY_144,出勤打刻ﾌﾗｸﾞ,出_EN,0,44,1,0,0,0,0,0,0
DADILY_145,出勤打刻,出勤打刻_EN,0,45,1,0,0,0,0,0,0
DADILY_146,出勤MC,出MC_EN,0,46,1,0,0,0,0,0,0
DADILY_147,出勤事由,出事由_EN,0,47,1,0,0,0,0,0,0
DADILY_148,退勤打刻ﾌﾗｸﾞ,退_EN,0,48,1,0,0,0,0,0,0
DADILY_149,退勤打刻,退勤打刻_EN,0,49,1,0,0,0,0,0,0
DADILY_150,退勤MC,退MC_EN,0,50,1,0,0,0,0,0,0
DADILY_151,退勤事由,退事由_EN,0,51,1,0,0,0,0,0,0
DADILY_152,外出打刻ﾌﾗｸﾞ,外_EN,0,52,1,0,0,0,0,0,0
DADILY_153,外出打刻,外出打刻_EN,0,53,1,0,0,0,0,0,0
DADILY_154,外出MC,外MC_EN,0,54,1,0,0,0,0,0,0
DADILY_155,外出事由,外事由_EN,0,55,1,0,0,0,0,0,0
DADILY_156,戻り打刻ﾌﾗｸﾞ,戻_EN,0,56,1,0,0,0,0,0,0
DADILY_157,戻り打刻,戻り打刻_EN,0,57,1,0,0,0,0,0,0
DADILY_158,外２打刻ﾌﾗｸﾞ,外２_EN,0,58,1,0,0,0,0,0,0
DADILY_159,外２打刻,外２打刻_EN,0,59,1,0,0,0,0,0,0
DADILY_160,外２MC,外２MC_EN,0,60,1,0,0,0,0,0,0
DADILY_161,外２事由,外２事由_EN,0,61,1,0,0,0,0,0,0
DADILY_162,戻２打刻ﾌﾗｸﾞ,戻２_EN,0,62,1,0,0,0,0,0,0
DADILY_163,戻２打刻,戻２打刻_EN,0,63,1,0,0,0,0,0,0
DADILY_164,外３打刻ﾌﾗｸﾞ,外３_EN,0,64,1,0,0,0,0,0,0
DADILY_166,外３MC,外３MC_EN,0,67,1,0,0,0,0,0,0
DADILY_167,外３事由,外３事由_EN,0,68,1,0,0,0,0,0,0
DADILY_168,戻３打刻ﾌﾗｸﾞ,戻３_EN,0,69,1,0,0,0,0,0,0
DADILY_172,退２MC,退２MC_EN,0,86,1,0,0,0,0,0,0
DADILY_173,退２事由,退２事由_EN,0,86,1,0,0,0,0,0,0
DADILY_174,回数ﾃﾞｰﾀ１,回数１_EN,0,93,1,0,0,0,0,0,0
DADILY_175,回数ﾃﾞｰﾀ２,回数２_EN,0,94,1,0,0,0,0,0,0
DADILY_176,回数ﾃﾞｰﾀ３,回数３_EN,0,95,1,0,0,0,0,0,0
DADILY_177,回数ﾃﾞｰﾀ４,回数４_EN,0,96,1,0,0,0,0,0,0
DADILY_178,回数ﾃﾞｰﾀ５,回数５_EN,0,97,1,0,0,0,0,0,0
DADILY_179,回数ﾃﾞｰﾀ６,回数６_EN,0,98,1,0,0,0,0,0,0
DADILY_180,簡易承認ﾌﾗｸﾞ,承認_EN,0,105,1,0,0,0,0,0,0
DADILY_181,再計算不可ﾌﾗｸﾞ,再計算不可_EN,0,106,1,0,0,0,0,0,0
DADILY_182,ｺﾒﾝﾄ,ｺﾒﾝﾄ_EN,0,145,1,0,0,0,0,0,0
DADILY_183,簡易承認段階：承認１,承認１_EN,0,441,1,0,0,0,0,0,0
DADILY_184,簡易承認段階：承認２,承認２_EN,0,442,1,0,0,0,0,0,0
DADILY_185,簡易承認段階：承認３,承認３_EN,0,443,1,0,0,0,0,0,0
DADILY_186,簡易承認段階：承認４,承認４_EN,0,444,1,0,0,0,0,0,0
DADILY_187,簡易承認段階：承認５,承認５_EN,0,445,1,0,0,0,0,0,0
DADILY_192,早,早_EN,0,460,1,0,0,0,0,0,0
DADILY_193,早出時刻,早出時刻_EN,0,461,1,0,0,0,0,0,0
DADILY_194,早事由,早事由_EN,0,462,1,0,0,0,0,0,0
DADILY_195,残,残_EN,0,463,1,0,0,0,0,0,0
DADILY_196,残業時刻,残業時刻_EN,0,464,1,0,0,0,0,0,0
DADILY_197,残事由,残事由_EN,0,465,1,0,0,0,0,0,0
DADILY_198,早２,早２_EN,0,466,1,0,0,0,0,0,0
DADILY_199,早出２,早出２_EN,0,467,1,0,0,0,0,0,0
DADILY_200,早２事由,早２事由_EN,0,468,1,0,0,0,0,0,0
DADILY_201,残２,残２_EN,0,469,1,0,0,0,0,0,0
DADILY_202,残業２,残業２_EN,0,470,1,0,0,0,0,0,0
DADILY_203,残２事由,残２事由_EN,0,471,1,0,0,0,0,0,0
DADILY_204,始,始_EN,0,472,1,0,0,0,0,0,0
DADILY_205,終,終_EN,0,473,1,0,0,0,0,0,0
DADILY_206,◆,◆,0,474,1,0,0,0,0,0,0
DADILY_207,早出,早出_EN,0,475,1,0,0,0,0,0,0
DADILY_208,残業,残業_EN,0,476,1,0,0,0,0,0,0
IDS_000000,個人ｺｰﾄﾞ,個人ｺｰﾄﾞ_EN,0,0,0,0,0,0,0,0,0
IDS_000001,戻るﾘﾝｸ,戻る_EN,0,0,0,0,0,0,0,0,0
IDS_000002,届出ﾃﾞｰﾀ指定画面：処理期間,処理期間_EN,0,0,0,0,0,0,0,0,0
IDS_000004,登録ﾎﾞﾀﾝ,登録_EN,1,0,0,0,0,0,0,0,0
IDS_000005,処理期間選択,処理期間選択_EN,0,0,0,0,0,0,0,0,0
IDS_000006,検索,検索_EN,1,0,0,0,0,0,0,0,0
IDS_000007,取得超過確認,取得超過確認_EN,1,0,0,0,0,0,0,0,0
IDS_000008,承認,承認_EN,0,0,0,0,0,0,0,0,0
IDS_000009,全選択,全選択_EN,1,0,0,0,0,0,0,0,0
IDS_000010,選択解除,選択解除_EN,1,0,0,0,0,0,0,0,0
IDS_000011,再計算不可,再計算不可_EN,0,0,0,0,0,0,0,0,0
IDS_000012,処理年月,処理年月_EN,0,0,0,0,0,0,0,0,0
IDS_000045,なし,なし_EN,0,1,0,0,0,0,0,0,0
IDS_000111,合計,合計_EN,0,0,0,0,0,0,0,0,0
IDS_000238,処理年月選択,処理年月選択_EN,0,0,0,0,0,0,0,0,0
IDS_000256,前回付与日,前回付与日_EN,0,0,0,0,0,0,0,0,0
IDS_000257,前回勤続年数,前回勤続年数_EN,0,0,0,0,0,0,0,0,0
IDS_000258,次回付与日１,次回付与日１_EN,0,0,0,0,0,0,0,0,0
IDS_000259,次回勤続年数１,次回勤続年数１_EN,0,0,0,0,0,0,0,0,0
IDS_000260,次回付与日２,次回付与日２_EN,0,0,0,0,0,0,0,0,0
IDS_000261,次回勤続年数２,次回勤続年数２_EN,0,0,0,0,0,0,0,0,0
IDS_000262,次回付与日３,次回付与日３_EN,0,0,0,0,0,0,0,0,0
IDS_000263,次回勤続年数３,次回勤続年数３_EN,0,0,0,0,0,0,0,0,0
IDS_000264,前年繰越,前年繰越_EN,0,0,0,0,0,0,0,0,0
IDS_000265,前年付与,前年付与_EN,0,0,0,0,0,0,0,0,0
IDS_000266,前年取得,前年取得_EN,0,0,0,0,0,0,0,0,0
IDS_000267,当年繰越,当年繰越_EN,0,0,0,0,0,0,0,0,0
IDS_000268,当年付与,当年付与_EN,0,0,0,0,0,0,0,0,0
IDS_000269,当年取得,当年取得_EN,0,0,0,0,0,0,0,0,0
IDS_000270,前年残,前年残_EN,0,0,0,0,0,0,0,0,0
IDS_000271,当年残,当年残_EN,0,0,0,0,0,0,0,0,0
IDS_000272,前年出勤率,前年出勤率_EN,0,0,0,0,0,0,0,0,0
IDS_000273,当年出勤率,当年出勤率_EN,0,0,0,0,0,0,0,0,0
IDS_000275,遅刻の表示,遅刻の表示_EN,0,0,0,0,0,0,0,0,0
IDS_000276,早退の表示,早退の表示_EN,0,0,0,0,0,0,0,0,0
IDS_000277,前繰越時間,前繰越時間_EN,0,0,0,0,0,0,0,0,0
IDS_000278,前実取得時,前実取得時_EN,0,0,0,0,0,0,0,0,0
IDS_000279,前年実取得,前年実取得_EN,0,0,0,0,0,0,0,0,0
IDS_000280,前取得時間,前取得時間_EN,0,0,0,0,0,0,0,0,0
IDS_000281,前年残時間,前年残時間_EN,0,0,0,0,0,0,0,0,0
IDS_000282,前基準時間,前基準時間_EN,0,0,0,0,0,0,0,0,0
IDS_000283,前上限日数,前上限日数_EN,0,0,0,0,0,0,0,0,0
IDS_000284,当繰越時間,当繰越時間_EN,0,0,0,0,0,0,0,0,0
IDS_000285,当実取得時,当実取得時_EN,0,0,0,0,0,0,0,0,0
IDS_000286,当年実取得,当年実取得_EN,0,0,0,0,0,0,0,0,0
IDS_000287,当取得時間,当取得時間_EN,0,0,0,0,0,0,0,0,0
IDS_000288,当年残時間,当年残時間_EN,0,0,0,0,0,0,0,0,0
IDS_000289,取得可時間,取得可時間_EN,0,0,0,0,0,0,0,0,0
IDS_000290,当基準時間,当基準時間_EN,0,0,0,0,0,0,0,0,0
IDS_000291,当上限日数,当上限日数_EN,0,0,0,0,0,0,0,0,0
IDS_000330,曜,曜_EN,0,0,0,0,0,0,0,0,0
IDS_000331,なし,なし_EN,0,0,0,0,0,0,0,0,0
IDS_000332,日付,日付_EN,0,0,0,0,0,0,0,0,0
IDS_000334,定時の表示,定時_EN,0,0,0,0,0,0,0,0,0
IDS_000358,会社,会社_EN,0,0,0,0,0,0,0,0,0
IDS_000360,確定,確定_EN,1,0,0,0,0,0,0,0,0
IDS_000384,ｺｰﾄﾞ,ｺｰﾄﾞ_EN,0,0,0,0,0,0,0,0,0
IDS_000385,氏名(カナ),氏名(カナ)_EN,0,0,0,0,0,0,0,0,0
IDS_000386,氏名(漢字),氏名(漢字)_EN,0,0,0,0,0,0,0,0,0
IDS_000387,選択,選択_EN,1,0,0,0,0,0,0,0,0
IDS_000388,解除,解除_EN,1,0,0,0,0,0,0,0,0
IDS_000389,全選択,全選択_EN,1,0,0,0,0,0,0,0,0
IDS_000390,選択解除,選択解除_EN,1,0,0,0,0,0,0,0,0
IDS_000391,個人選択,個人選択_EN,0,0,0,0,0,0,0,0,0
IDS_000392,検索解除,検索解除_EN,1,0,0,0,0,0,0,0,0
IDS_000393,全所属,全所属_EN,1,0,0,0,0,0,0,0,0
IDS_000394,指定所属,指定所属_EN,1,0,0,0,0,0,0,0,0
IDS_000395,所属選択,所属選択_EN,0,0,0,0,0,0,0,0,0
IDS_000396,全選択解除,全選択解除_EN,1,0,0,0,0,0,0,0,0
IDS_000400,削除,削除_EN,1,0,0,0,0,0,0,0,0
IDS_000401,複写,複写_EN,1,0,0,0,0,0,0,0,0
IDS_000402,所属ｺｰﾄﾞ,所属ｺｰﾄﾞ_EN,0,0,0,0,0,0,0,0,0
IDS_000403,承認ﾙｰﾄ,承認ﾙｰﾄ_EN,0,0,0,0,0,0,0,0,0
IDS_000404,適用開始年月日,適用開始年月日_EN,0,0,0,0,0,0,0,0,0
IDS_000405,適用終了年月日,適用終了年月日_EN,0,0,0,0,0,0,0,0,0
IDS_000406,氏名,氏名_EN,0,0,0,0,0,0,0,0,0
IDS_000407,処理選択,処理選択_EN,0,0,0,0,0,0,0,0,0
IDS_000408,既存承認ﾙｰﾄ修正,既存承認ﾙｰﾄ修正_EN,0,0,0,0,0,0,0,0,0
IDS_000409,新規承認ﾙｰﾄ入力,新規承認ﾙｰﾄ入力_EN,0,0,0,0,0,0,0,0,0
IDS_000410,再表示,再表示_EN,1,0,0,0,0,0,0,0,0
IDS_000412,適用開始年月日修正,適用開始年月日修正_EN,0,0,0,0,0,0,0,0,0
IDS_000416,届出ﾃﾞｰﾀ指定,届出ﾃﾞｰﾀ指定_EN,1,0,0,0,0,0,0,0,0
IDS_000417,届出入力,届出入力_EN,1,0,0,0,0,0,0,0,0
IDS_000418,届出削除,届出削除_EN,1,0,0,0,0,0,0,0,0
IDS_000419,届出表示,届出表示_EN,1,0,0,0,0,0,0,0,0
IDS_000420,最終承認,最終承認_EN,1,0,0,0,0,0,0,0,0
IDS_000421,承認,承認_EN,1,0,0,0,0,0,0,0,0
IDS_000422,否認,否認_EN,1,0,0,0,0,0,0,0,0
IDS_000423,差戻,差戻_EN,1,0,0,0,0,0,0,0,0
IDS_000424,承認状態,承認状態_EN,0,0,0,0,0,0,0,0,0
IDS_000425,届出種別,届出種別_EN,0,0,0,0,0,0,0,0,0
IDS_000426,承認締切日,承認締切日_EN,0,0,0,0,0,0,0,0,0
IDS_000427,期限前,期限前_EN,0,0,0,0,0,0,0,0,0
IDS_000428,期限切れ,期限切れ_EN,0,0,0,0,0,0,0,0,0
IDS_000429,全状態,全状態_EN,0,0,0,0,0,0,0,0,0
IDS_000430,承認待ち,承認待ち_EN,0,0,0,0,0,0,0,0,0
IDS_000431,申請待ち,申請待ち_EN,0,0,0,0,0,0,0,0,0
IDS_000432,否認,否認_EN,0,0,0,0,0,0,0,0,0
IDS_000433,承認中,承認中_EN,0,0,0,0,0,0,0,0,0
IDS_000434,承認済み,承認済み_EN,0,0,0,0,0,0,0,0,0
IDS_000435,期限切れ,期限切れ_EN,0,0,0,0,0,0,0,0,0
IDS_000437,個人昇順,個人昇順_EN,0,0,0,0,0,0,0,0,0
IDS_000438,個人降順,個人降順_EN,0,0,0,0,0,0,0,0,0
IDS_000439,届出種類昇順,届出種類昇順_EN,0,0,0,0,0,0,0,0,0
IDS_000440,届出種類降順,届出種類降順_EN,0,0,0,0,0,0,0,0,0
IDS_000441,処理開始日昇順,処理開始日昇順_EN,0,0,0,0,0,0,0,0,0
IDS_000442,処理開始日降順,処理開始日降順_EN,0,0,0,0,0,0,0,0,0
IDS_000443,申請年月日昇順,申請年月日昇順_EN,0,0,0,0,0,0,0,0,0
IDS_000444,申請年月日降順,申請年月日降順_EN,0,0,0,0,0,0,0,0,0
IDS_000447,本人,本人_EN,0,0,0,0,0,0,0,0,0
IDS_000448,オペレータ,オペレータ_EN,0,0,0,0,0,0,0,0,0
IDS_000449,申請,申請_EN,0,0,0,0,0,0,0,0,0
IDS_000450,否認,否認_EN,0,0,0,0,0,0,0,0,0
IDS_000451,待ち,待ち_EN,0,0,0,0,0,0,0,0,0
IDS_000452,済み,済み_EN,0,0,0,0,0,0,0,0,0
IDS_000453,届出入力種類,届出入力種類_EN,0,0,0,0,0,0,0,0,0
IDS_000454,申請内容,申請内容_EN,0,0,0,0,0,0,0,0,0
IDS_000455,開始日,開始日_EN,0,0,0,0,0,0,0,0,0
IDS_000456,終了日,終了日_EN,0,0,0,0,0,0,0,0,0
IDS_000457,申請者,申請者_EN,0,0,0,0,0,0,0,0,0
IDS_000458,申請日,申請日_EN,0,0,0,0,0,0,0,0,0
IDS_000459,コメント１,コメント１_EN,0,0,0,0,0,0,0,0,0
IDS_000460,コメント２,コメント２_EN,0,0,0,0,0,0,0,0,0
IDS_000469,申請しない,申請しない_EN,0,0,0,0,0,0,0,0,0
IDS_000470,取り消し,取り消し_EN,0,0,0,0,0,0,0,0,0
IDS_000471,打刻取消,打刻取消_EN,0,0,0,0,0,0,0,0,0
IDS_000472,全打刻,全打刻_EN,0,0,0,0,0,0,0,0,0
IDS_000473,出勤,出勤_EN,0,0,0,0,0,0,0,0,0
IDS_000474,退勤,退勤_EN,0,0,0,0,0,0,0,0,0
IDS_000475,外出,外出_EN,0,0,0,0,0,0,0,0,0
IDS_000476,戻り,戻り_EN,0,0,0,0,0,0,0,0,0
IDS_000477,外出２,外出２_EN,0,0,0,0,0,0,0,0,0
IDS_000478,戻り２,戻り２_EN,0,0,0,0,0,0,0,0,0
IDS_000479,外出３,外出３_EN,0,0,0,0,0,0,0,0,0
IDS_000480,戻り３,戻り３_EN,0,0,0,0,0,0,0,0,0
IDS_000481,出勤２,出勤２_EN,0,0,0,0,0,0,0,0,0
IDS_000482,退勤２,退勤２_EN,0,0,0,0,0,0,0,0,0
IDS_000483,休憩１,休憩１_EN,0,0,0,0,0,0,0,0,0
IDS_000484,休憩２,休憩２_EN,0,0,0,0,0,0,0,0,0
IDS_000485,休憩３,休憩３_EN,0,0,0,0,0,0,0,0,0
IDS_000486,届出ﾃﾞｰﾀ承認依頼,届出ﾃﾞｰﾀ承認依頼_EN,0,0,0,0,0,0,0,0,0
IDS_000487,届出ﾃﾞｰﾀ否認通知,届出ﾃﾞｰﾀ否認通知_EN,0,0,0,0,0,0,0,0,0
IDS_000499,承認ﾙｰﾄ参照,承認ﾙｰﾄ参照_EN,1,0,0,0,0,0,0,0,0
IDS_000500,申請年月日,申請年月日_EN,0,0,0,0,0,0,0,0,0
IDS_000501,申請時刻,申請時刻_EN,0,0,0,0,0,0,0,0,0
IDS_000502,打刻の取り消し,打刻の取り消し_EN,0,0,0,0,0,0,0,0,0
IDS_000506,保留,保留_EN,1,0,0,0,0,0,0,0,0
IDS_000507,照会,照会_EN,1,0,0,0,0,0,0,0,0
IDS_000508,表示切替,表示切替_EN,1,0,0,0,0,0,0,0,0
IDS_000509,照会再表示,照会再表示_EN,1,0,0,0,0,0,0,0,0
IDS_000510,初期値展開,初期値展開_EN,1,0,0,0,0,0,0,0,0
IDS_000525,個人選択<<,<<_EN,0,0,0,0,0,0,0,0,0
IDS_000526,個人選択＜,＜_EN,0,0,0,0,0,0,0,0,0
IDS_000527,個人選択＞,＞_EN,0,0,0,0,0,0,0,0,0
IDS_000528,個人選択>>,>>_EN,0,0,0,0,0,0,0,0,0
IDS_000531,取得年月日,取得年月日_EN,0,0,0,0,0,0,0,0,0
IDS_000532,休暇種別,休暇種別_EN,0,0,0,0,0,0,0,0,0
IDS_000533,取得内容,取得内容_EN,0,0,0,0,0,0,0,0,0
IDS_000534,取得単位,取得単位_EN,0,0,0,0,0,0,0,0,0
IDS_000535,年次有給休暇,年次有給休暇_EN,0,0,0,0,0,0,0,0,0
IDS_000536,１日,１日_EN,0,0,0,0,0,0,0,0,0
IDS_000537,半日,半日_EN,0,0,0,0,0,0,0,0,0
IDS_000539,選択,選択_EN,0,0,0,0,0,0,0,0,0
IDS_000540,所属,所属_EN,0,0,0,0,0,0,0,0,0
IDS_000542,デイリー届出,デイリー届出_EN,0,0,0,0,0,0,0,0,0
LEDGER_001,就業台帳項目00,就業台帳項目00_EN,0,0,5,0,0,0,0,0,0
LEDGER_002,就業台帳項目01,就業台帳項目01_EN,0,0,5,0,0,0,0,0,0
LEDGER_003,就業台帳項目02,就業台帳項目02_EN,0,0,5,0,0,0,0,0,0
LEDGER_004,就業台帳項目03,就業台帳項目03_EN,0,0,5,0,0,0,0,0,0
LEDGER_005,就業台帳項目04,就業台帳項目04_EN,0,0,5,0,0,0,0,0,0
LEDGER_006,就業台帳項目05,就業台帳項目05_EN,0,0,5,0,0,0,0,0,0
LEDGER_007,就業台帳項目06,就業台帳項目06_EN,0,0,5,0,0,0,0,0,0
LEDGER_008,就業台帳項目07,就業台帳項目07_EN,0,0,5,0,0,0,0,0,0
LEDGER_009,就業台帳項目08,就業台帳項目08_EN,0,0,5,0,0,0,0,0,0
LEDGER_010,就業台帳項目09,就業台帳項目09_EN,0,0,5,0,0,0,0,0,0
LEDGER_011,就業台帳項目10,就業台帳項目10_EN,0,0,5,0,0,0,0,0,0
LEDGER_012,就業台帳項目11,就業台帳項目11_EN,0,0,5,0,0,0,0,0,0
LEDGER_013,就業台帳項目12,就業台帳項目12_EN,0,0,5,0,0,0,0,0,0
LEDGER_014,就業台帳項目13,就業台帳項目13_EN,0,0,5,0,0,0,0,0,0
LEDGER_015,就業台帳項目14,就業台帳項目14_EN,0,0,5,0,0,0,0,0,0
LEDGER_016,就業台帳項目15,就業台帳項目15_EN,0,0,5,0,0,0,0,0,0
LEDGER_017,就業台帳項目16,就業台帳項目16_EN,0,0,5,0,0,0,0,0,0
LEDGER_018,就業台帳項目17,就業台帳項目17_EN,0,0,5,0,0,0,0,0,0
LEDGER_019,就業台帳項目18,就業台帳項目18_EN,0,0,5,0,0,0,0,0,0
LEDGER_020,就業台帳項目19,就業台帳項目19_EN,0,0,5,0,0,0,0,0,0
LEDGER_021,就業台帳項目20,就業台帳項目20_EN,0,0,5,0,0,0,0,0,0
LEDGER_022,就業台帳項目21,就業台帳項目21_EN,0,0,5,0,0,0,0,0,0
LEDGER_023,就業台帳項目22,就業台帳項目22_EN,0,0,5,0,0,0,0,0,0
LEDGER_024,就業台帳項目23,就業台帳項目23_EN,0,0,5,0,0,0,0,0,0
LEDGER_025,就業台帳項目24,就業台帳項目24_EN,0,0,5,0,0,0,0,0,0
LEDGER_026,就業台帳項目25,就業台帳項目25_EN,0,0,5,0,0,0,0,0,0
LEDGER_027,就業台帳項目26,就業台帳項目26_EN,0,0,5,0,0,0,0,0,0
LEDGER_028,就業台帳項目27,就業台帳項目27_EN,0,0,5,0,0,0,0,0,0
LEDGER_029,就業台帳項目28,就業台帳項目28_EN,0,0,5,0,0,0,0,0,0
LEDGER_030,就業台帳項目29,就業台帳項目29_EN,0,0,5,0,0,0,0,0,0
LEDGER_031,就業台帳項目30,就業台帳項目30_EN,0,0,5,0,0,0,0,0,0
LEDGER_032,就業台帳項目31,就業台帳項目31_EN,0,0,5,0,0,0,0,0,0
LEDGER_033,就業台帳項目32,就業台帳項目32_EN,0,0,5,0,0,0,0,0,0
LEDGER_034,就業台帳項目33,就業台帳項目33_EN,0,0,5,0,0,0,0,0,0
LEDGER_035,就業台帳項目34,就業台帳項目34_EN,0,0,5,0,0,0,0,0,0
LEDGER_036,就業台帳項目35,就業台帳項目35_EN,0,0,5,0,0,0,0,0,0
LEDGER_037,就業台帳項目36,就業台帳項目36_EN,0,0,5,0,0,0,0,0,0
LEDGER_038,就業台帳項目37,就業台帳項目37_EN,0,0,5,0,0,0,0,0,0
LEDGER_039,就業台帳項目38,就業台帳項目38_EN,0,0,5,0,0,0,0,0,0
LEDGER_040,就業台帳項目39,就業台帳項目39_EN,0,0,5,0,0,0,0,0,0
LEDGER_041,就業台帳項目40,就業台帳項目40_EN,0,0,5,0,0,0,0,0,0
LEDGER_042,就業台帳項目41,就業台帳項目41_EN,0,0,5,0,0,0,0,0,0
LEDGER_043,就業台帳項目42,就業台帳項目42_EN,0,0,5,0,0,0,0,0,0
LEDGER_044,就業台帳項目43,就業台帳項目43_EN,0,0,5,0,0,0,0,0,0
LEDGER_045,就業台帳項目44,就業台帳項目44_EN,0,0,5,0,0,0,0,0,0
LEDGER_046,就業台帳項目45,就業台帳項目45_EN,0,0,5,0,0,0,0,0,0
LEDGER_047,就業台帳項目46,就業台帳項目46_EN,0,0,5,0,0,0,0,0,0
LEDGER_048,就業台帳項目47,就業台帳項目47_EN,0,0,5,0,0,0,0,0,0
LEDGER_049,就業台帳項目48,就業台帳項目48_EN,0,0,5,0,0,0,0,0,0
LEDGER_050,就業台帳項目49,就業台帳項目49_EN,0,0,5,0,0,0,0,0,0
LEDGER_051,就業台帳項目50,就業台帳項目50_EN,0,0,5,0,0,0,0,0,0
LEDGER_052,就業台帳項目51,就業台帳項目51_EN,0,0,5,0,0,0,0,0,0
LEDGER_053,就業台帳項目52,就業台帳項目52_EN,0,0,5,0,0,0,0,0,0
LEDGER_054,就業台帳項目53,就業台帳項目53_EN,0,0,5,0,0,0,0,0,0
LEDGER_055,就業台帳項目54,就業台帳項目54_EN,0,0,5,0,0,0,0,0,0
LEDGER_056,就業台帳項目55,就業台帳項目55_EN,0,0,5,0,0,0,0,0,0
LEDGER_057,就業台帳項目56,就業台帳項目56_EN,0,0,5,0,0,0,0,0,0
LEDGER_058,就業台帳項目57,就業台帳項目57_EN,0,0,5,0,0,0,0,0,0
LEDGER_059,就業台帳項目58,就業台帳項目58_EN,0,0,5,0,0,0,0,0,0
LEDGER_060,就業台帳項目59,就業台帳項目59_EN,0,0,5,0,0,0,0,0,0
LEDGER_061,就業台帳項目60,就業台帳項目60_EN,0,0,5,0,0,0,0,0,0
LEDGER_062,就業台帳項目61,就業台帳項目61_EN,0,0,5,0,0,0,0,0,0
LEDGER_063,就業台帳項目62,就業台帳項目62_EN,0,0,5,0,0,0,0,0,0
LEDGER_064,就業台帳項目63,就業台帳項目63_EN,0,0,5,0,0,0,0,0,0
LEDGER_065,就業台帳項目64,就業台帳項目64_EN,0,0,5,0,0,0,0,0,0
LEDGER_066,就業台帳項目65,就業台帳項目65_EN,0,0,5,0,0,0,0,0,0
LEDGER_067,就業台帳項目66,就業台帳項目66_EN,0,0,5,0,0,0,0,0,0
LEDGER_068,就業台帳項目67,就業台帳項目67_EN,0,0,5,0,0,0,0,0,0
LEDGER_069,就業台帳項目68,就業台帳項目68_EN,0,0,5,0,0,0,0,0,0
LEDGER_070,就業台帳項目69,就業台帳項目69_EN,0,0,5,0,0,0,0,0,0
LEDGER_071,就業台帳項目70,就業台帳項目70_EN,0,0,5,0,0,0,0,0,0
LEDGER_072,就業台帳項目71,就業台帳項目71_EN,0,0,5,0,0,0,0,0,0
LEDGER_073,就業台帳項目72,就業台帳項目72_EN,0,0,5,0,0,0,0,0,0
LEDGER_074,就業台帳項目73,就業台帳項目73_EN,0,0,5,0,0,0,0,0,0
LEDGER_075,就業台帳項目74,就業台帳項目74_EN,0,0,5,0,0,0,0,0,0
LEDGER_076,就業台帳項目75,就業台帳項目75_EN,0,0,5,0,0,0,0,0,0
LEDGER_077,就業台帳項目76,就業台帳項目76_EN,0,0,5,0,0,0,0,0,0
LEDGER_078,就業台帳項目77,就業台帳項目77_EN,0,0,5,0,0,0,0,0,0
LEDGER_079,就業台帳項目78,就業台帳項目78_EN,0,0,5,0,0,0,0,0,0
LEDGER_080,就業台帳項目79,就業台帳項目79_EN,0,0,5,0,0,0,0,0,0
PLANED_001,予定時間外00,予定時間外00_EN,0,1201,4,0,0,0,0,0,0
PLANED_002,予定時間外01,予定時間外01_EN,0,1202,4,0,0,0,0,0,0
TIMENUM_01,時間数項目00,時間数項目00_EN,0,1001,2,0,0,0,0,0,0
TIMENUM_02,時間数項目01,時間数項目01_EN,0,1002,2,0,0,0,0,0,0
TIMENUM_03,時間数項目02,時間数項目02_EN,0,1003,2,0,0,0,0,0,0
TIMENUM_04,時間数項目03,時間数項目03_EN,0,1004,2,0,0,0,0,0,0
TIMENUM_05,時間数項目04,時間数項目04_EN,0,1005,2,0,0,0,0,0,0
TIMENUM_06,時間数項目05,時間数項目05_EN,0,1006,2,0,0,0,0,0,0
TIMENUM_07,時間数項目06,時間数項目06_EN,0,1007,2,0,0,0,0,0,0
TIMENUM_08,時間数項目07,時間数項目07_EN,0,1008,2,0,0,0,0,0,0
TIMENUM_09,時間数項目08,時間数項目08_EN,0,1009,2,0,0,0,0,0,0
TIMENUM_10,時間数項目09,時間数項目09_EN,0,1010,2,0,0,0,0,0,0
TIMENUM_11,時間数項目10,時間数項目10_EN,0,1011,2,0,0,0,0,0,0
TIMENUM_12,時間数項目11,時間数項目11_EN,0,1012,2,0,0,0,0,0,0
TIMENUM_13,時間数項目12,時間数項目12_EN,0,1013,2,0,0,0,0,0,0
TIMENUM_14,時間数項目13,時間数項目13_EN,0,1014,2,0,0,0,0,0,0
TIMENUM_15,時間数項目14,時間数項目14_EN,0,1015,2,0,0,0,0,0,0
TIMENUM_16,時間数項目15,時間数項目15_EN,0,1016,2,0,0,0,0,0,0
TIMENUM_17,時間数項目16,時間数項目16_EN,0,1017,2,0,0,0,0,0,0
TIMENUM_18,時間数項目17,時間数項目17_EN,0,1018,2,0,0,0,0,0,0
TIMENUM_19,時間数項目18,時間数項目18_EN,0,1019,2,0,0,0,0,0,0
TIMENUM_20,時間数項目19,時間数項目19_EN,0,1020,2,0,0,0,0,0,0
IDS_000569,事由コード,事由コード_EN,0,0,0,0,0,0,0,0,0
IDS_000570,打刻データ,打刻データ_EN,0,0,0,0,0,0,0,0,0
IDS_000571,打刻,打刻_EN,0,0,0,0,0,0,0,0,0
IDS_000572,ＭＣ,ＭＣ_EN,0,0,0,0,0,0,0,0,0
IDS_000573,時間帯項目,時間帯項目_EN,0,0,0,0,0,0,0,0,0
IDS_000574,時間数項目,時間数項目_EN,0,0,0,0,0,0,0,0,0
IDS_000575,予定時間外,予定時間外_EN,0,0,0,0,0,0,0,0,0
IDS_000576,修正なし,修正なし_EN,0,0,0,0,0,0,0,0,0
IDS_000577,修正あり,修正あり_EN,0,0,0,0,0,0,0,0,0
IDS_000578,その他打刻,その他打刻_EN,0,0,0,0,0,0,0,0,0
IDS_000579,追加データ,追加データ_EN,0,0,0,0,0,0,0,0,0
IDS_000580,回数データ,回数データ_EN,0,0,0,0,0,0,0,0,0
IDS_000581,スケジュール,スケジュール_EN,0,0,0,0,0,0,0,0,0
IDS_000583,休憩,休憩_EN,0,0,0,0,0,0,0,0,0
IDS_000584,開始,開始_EN,0,0,0,0,0,0,0,0,0
IDS_000585,終了,終了_EN,0,0,0,0,0,0,0,0,0
IDS_000586,時間外実績,時間外実績_EN,0,0,0,0,0,0,0,0,0
IDS_000587,コメント,コメント_EN,0,0,0,0,0,0,0,0,0
IDS_000588,確定済み,確定済み_EN,0,0,0,0,0,0,0,0,0